<?xml version="1.0" encoding="UTF-8"?>
<project-private xmlns="http://www.netbeans.org/ns/project-private/1">
    <editor-bookmarks xmlns="http://www.netbeans.org/ns/editor-bookmarks/2" lastBookmarkId="0"/>
    <open-files xmlns="http://www.netbeans.org/ns/projectui-open-files/2">
        <group>
            <file>file:/C:/VUT%20Brno/SINprojekt/SIN/SIN/SIN/src/sin/PaintPanel.java</file>
            <file>file:/C:/VUT%20Brno/SINprojekt/SIN/SIN/SIN/src/sin/Crossroads.java</file>
            <file>file:/C:/VUT%20Brno/SINprojekt/SIN/SIN/SIN/src/sin/CrossroadListener.java</file>
            <file>file:/C:/VUT%20Brno/SINprojekt/SIN/SIN/SIN/src/sin/CrossroadController.java</file>
            <file>file:/C:/VUT%20Brno/SINprojekt/SIN/SIN/SIN/src/sin/CarBehaviour.java</file>
            <file>file:/C:/VUT%20Brno/SINprojekt/SIN/SIN/SIN/src/sin/MainWindow.java</file>
            <file>file:/C:/VUT%20Brno/SINprojekt/SIN/SIN/SIN/src/sin/MyAdjustmentListener.java</file>
            <file>file:/C:/VUT%20Brno/SINprojekt/SIN/SIN/SIN/src/sin/MainAgent.java</file>
            <file>file:/C:/VUT%20Brno/SINprojekt/SIN/SIN/SIN/src/sin/VehicleAgent.java</file>
        </group>
    </open-files>
</project-private>
